CODE;NAME;TESTING
1;ABC;v1
2;ABC;v2
3;ABC;v3
4;ABC;v4
5;ABC;v5
6;ABC;v6
7;ABC;v7
8;ABC;v8
9;ABC;v9
10;ABC;v10
11;ABC;v11
12;ABC;v12
13;ABC;v13
14;ABC;v14
15;ABC;v15
16;ABC;v16
17;ABC;v17
18;ABC;v18
19;ABC;v19
20;ABC;v20
21;ABC;v21
22;ABC;v22
23;ABC;v23
24;ABC;v24
25;ABC;v25
26;ABC;v26
27;ABC;v27
28;ABC;v28
29;ABC;v29
30;ABC;v30
31;ABC;v31
32;ABC;v32
33;ABC;v33
34;ABC;v34
35;ABC;v35
36;ABC;v36
37;ABC;v37
38;ABC;v38
39;ABC;v39
40;ABC;v40
41;ABC;v41
42;ABC;v42
43;ABC;v43
44;ABC;v44
45;ABC;v45
46;ABC;v46
47;ABC;v47
48;ABC;v48
49;ABC;v49
50;ABC;v50
51;ABC;v51
52;ABC;v52
53;ABC;v53
54;ABC;v54
55;ABC;v55
56;ABC;v56
57;ABC;v57
58;ABC;v58
59;ABC;v59
60;ABC;v60
61;ABC;v61
62;ABC;v62
63;ABC;v63
64;ABC;v64
65;ABC;v65
66;ABC;v66
67;ABC;v67
68;ABC;v68
69;ABC;v69
70;ABC;v70
71;ABC;v71
72;ABC;v72
73;ABC;v73
74;ABC;v74
75;ABC;v75
76;ABC;v76
77;ABC;v77
78;ABC;v78
79;ABC;v79
80;ABC;v80
81;ABC;v81
82;ABC;v82
83;ABC;v83
84;ABC;v84
85;ABC;v85
86;ABC;v86
87;ABC;v87
88;ABC;v88
89;ABC;v89
90;ABC;v90
91;ABC;v91
92;ABC;v92
93;ABC;v93
94;ABC;v94
95;ABC;v95
96;ABC;v96
97;ABC;v97
98;ABC;v98
99;ABC;v99
100;ABC;v100
101;ABC;v101
102;ABC;v102
103;ABC;v103
104;ABC;v104
105;ABC;v105
106;ABC;v106
107;ABC;v107
108;ABC;v108
109;ABC;v109
110;ABC;v110
111;ABC;v111
112;ABC;v112
113;ABC;v113
114;ABC;v114
115;ABC;v115
116;ABC;v116
117;ABC;v117
118;ABC;v118
119;ABC;v119
120;ABC;v120
121;ABC;v121
122;ABC;v122
123;ABC;v123
124;ABC;v124
125;ABC;v125
126;ABC;v126
127;ABC;v127
128;ABC;v128
129;ABC;v129
130;ABC;v130
131;ABC;v131
132;ABC;v132
133;ABC;v133
134;ABC;v134
135;ABC;v135
136;ABC;v136
137;ABC;v137
138;ABC;v138
139;ABC;v139
140;ABC;v140
141;ABC;v141
142;ABC;v142
143;ABC;v143
144;ABC;v144
145;ABC;v145
146;ABC;v146
147;ABC;v147
148;ABC;v148
149;ABC;v149
150;ABC;v150
151;ABC;v151
152;ABC;v152
153;ABC;v153
154;ABC;v154
155;ABC;v155
156;ABC;v156
157;ABC;v157
158;ABC;v158
159;ABC;v159
160;ABC;v160
161;ABC;v161
162;ABC;v162
163;ABC;v163
164;ABC;v164
165;ABC;v165
166;ABC;v166
167;ABC;v167
168;ABC;v168
169;ABC;v169
170;ABC;v170
171;ABC;v171
172;ABC;v172
173;ABC;v173
174;ABC;v174
175;ABC;v175
176;ABC;v176
177;ABC;v177
178;ABC;v178
179;ABC;v179
180;ABC;v180
181;ABC;v181
182;ABC;v182
183;ABC;v183
184;ABC;v184
185;ABC;v185
186;ABC;v186
187;ABC;v187
188;ABC;v188
189;ABC;v189
190;ABC;v190
191;ABC;v191
192;ABC;v192
193;ABC;v193
194;ABC;v194
195;ABC;v195
196;ABC;v196
197;ABC;v197
198;ABC;v198
199;ABC;v199
200;ABC;v200
201;ABC;v201
202;ABC;v202
203;ABC;v203
204;ABC;v204
205;ABC;v205
206;ABC;v206
207;ABC;v207
208;ABC;v208
209;ABC;v209
210;ABC;v210
211;ABC;v211
212;ABC;v212
213;ABC;v213
214;ABC;v214
215;ABC;v215
216;ABC;v216
217;ABC;v217
218;ABC;v218
219;ABC;v219
220;ABC;v220
221;ABC;v221
222;ABC;v222
223;ABC;v223
224;ABC;v224
225;ABC;v225
226;ABC;v226
227;ABC;v227
228;ABC;v228
229;ABC;v229
230;ABC;v230
231;ABC;v231
232;ABC;v232
233;ABC;v233
234;ABC;v234
235;ABC;v235
236;ABC;v236
237;ABC;v237
238;ABC;v238
239;ABC;v239
240;ABC;v240
241;ABC;v241
242;ABC;v242
243;ABC;v243
244;ABC;v244
245;ABC;v245
246;ABC;v246
247;ABC;v247
248;ABC;v248
249;ABC;v249
250;ABC;v250
251;ABC;v251
252;ABC;v252
253;ABC;v253
254;ABC;v254
255;ABC;v255
256;ABC;v256
257;ABC;v257
258;ABC;v258
259;ABC;v259
260;ABC;v260
261;ABC;v261
262;ABC;v262
263;ABC;v263
264;ABC;v264
265;ABC;v265
266;ABC;v266
267;ABC;v267
268;ABC;v268
269;ABC;v269
270;ABC;v270
271;ABC;v271
272;ABC;v272
273;ABC;v273
274;ABC;v274
275;ABC;v275
276;ABC;v276
277;ABC;v277
278;ABC;v278
279;ABC;v279
280;ABC;v280
281;ABC;v281
282;ABC;v282
283;ABC;v283
284;ABC;v284
285;ABC;v285
286;ABC;v286
287;ABC;v287
288;ABC;v288
289;ABC;v289
290;ABC;v290
291;ABC;v291
292;ABC;v292
293;ABC;v293
294;ABC;v294
295;ABC;v295
296;ABC;v296
297;ABC;v297
298;ABC;v298
299;ABC;v299
300;ABC;v300
301;ABC;v301
302;ABC;v302
303;ABC;v303
304;ABC;v304
305;ABC;v305
306;ABC;v306
307;ABC;v307
308;ABC;v308
309;ABC;v309
310;ABC;v310
311;ABC;v311
312;ABC;v312
313;ABC;v313
314;ABC;v314
315;ABC;v315
316;ABC;v316
317;ABC;v317
318;ABC;v318
319;ABC;v319
320;ABC;v320
321;ABC;v321
322;ABC;v322
323;ABC;v323
324;ABC;v324
325;ABC;v325
326;ABC;v326
327;ABC;v327
328;ABC;v328
329;ABC;v329
330;ABC;v330
331;ABC;v331
332;ABC;v332
333;ABC;v333
334;ABC;v334
335;ABC;v335
336;ABC;v336
337;ABC;v337
338;ABC;v338
339;ABC;v339
340;ABC;v340
341;ABC;v341
342;ABC;v342
343;ABC;v343
344;ABC;v344
345;ABC;v345
346;ABC;v346
347;ABC;v347
348;ABC;v348
349;ABC;v349
350;ABC;v350
351;ABC;v351
352;ABC;v352
353;ABC;v353
354;ABC;v354
355;ABC;v355
356;ABC;v356
357;ABC;v357
358;ABC;v358
359;ABC;v359
360;ABC;v360
361;ABC;v361
362;ABC;v362
363;ABC;v363
364;ABC;v364
365;ABC;v365
366;ABC;v366
367;ABC;v367
368;ABC;v368
369;ABC;v369
370;ABC;v370
371;ABC;v371
372;ABC;v372
373;ABC;v373
374;ABC;v374
375;ABC;v375
376;ABC;v376
377;ABC;v377
378;ABC;v378
379;ABC;v379
380;ABC;v380
381;ABC;v381
382;ABC;v382
383;ABC;v383
384;ABC;v384
385;ABC;v385
386;ABC;v386
387;ABC;v387
388;ABC;v388
389;ABC;v389
390;ABC;v390
391;ABC;v391
392;ABC;v392
393;ABC;v393
394;ABC;v394
395;ABC;v395
396;ABC;v396
397;ABC;v397
398;ABC;v398
399;ABC;v399
400;ABC;v400
401;ABC;v401
402;ABC;v402
403;ABC;v403
404;ABC;v404
405;ABC;v405
406;ABC;v406
407;ABC;v407
408;ABC;v408
409;ABC;v409
410;ABC;v410
411;ABC;v411
412;ABC;v412
413;ABC;v413
414;ABC;v414
415;ABC;v415
416;ABC;v416
417;ABC;v417
418;ABC;v418
419;ABC;v419
420;ABC;v420
421;ABC;v421
422;ABC;v422
423;ABC;v423
424;ABC;v424
425;ABC;v425
426;ABC;v426
427;ABC;v427
428;ABC;v428
429;ABC;v429
430;ABC;v430
431;ABC;v431
432;ABC;v432
433;ABC;v433
434;ABC;v434
435;ABC;v435
436;ABC;v436
437;ABC;v437
438;ABC;v438
439;ABC;v439
440;ABC;v440
441;ABC;v441
442;ABC;v442
443;ABC;v443
444;ABC;v444
445;ABC;v445
446;ABC;v446
447;ABC;v447
448;ABC;v448
449;ABC;v449
450;ABC;v450
451;ABC;v451
452;ABC;v452
453;ABC;v453
454;ABC;v454
455;ABC;v455
456;ABC;v456
457;ABC;v457
458;ABC;v458
459;ABC;v459
460;ABC;v460
461;ABC;v461
462;ABC;v462
463;ABC;v463
464;ABC;v464
465;ABC;v465
466;ABC;v466
467;ABC;v467
468;ABC;v468
469;ABC;v469
470;ABC;v470
471;ABC;v471
472;ABC;v472
473;ABC;v473
474;ABC;v474
475;ABC;v475
476;ABC;v476
477;ABC;v477
478;ABC;v478
479;ABC;v479
480;ABC;v480
481;ABC;v481
482;ABC;v482
483;ABC;v483
484;ABC;v484
485;ABC;v485
486;ABC;v486
487;ABC;v487
488;ABC;v488
489;ABC;v489
490;ABC;v490
491;ABC;v491
492;ABC;v492
493;ABC;v493
494;ABC;v494
495;ABC;v495
496;ABC;v496
497;ABC;v497
498;ABC;v498
499;ABC;v499
500;ABC;v500
501;ABC;v501
502;ABC;v502
503;ABC;v503
504;ABC;v504
505;ABC;v505
506;ABC;v506
507;ABC;v507
508;ABC;v508
509;ABC;v509
510;ABC;v510
511;ABC;v511
512;ABC;v512
513;ABC;v513
514;ABC;v514
515;ABC;v515
516;ABC;v516
517;ABC;v517
518;ABC;v518
519;ABC;v519
520;ABC;v520
521;ABC;v521
522;ABC;v522
523;ABC;v523
524;ABC;v524
525;ABC;v525
526;ABC;v526
527;ABC;v527
528;ABC;v528
529;ABC;v529
530;ABC;v530
531;ABC;v531
532;ABC;v532
533;ABC;v533
534;ABC;v534
535;ABC;v535
536;ABC;v536
537;ABC;v537
538;ABC;v538
539;ABC;v539
540;ABC;v540
541;ABC;v541
542;ABC;v542
543;ABC;v543
544;ABC;v544
545;ABC;v545
546;ABC;v546
547;ABC;v547
548;ABC;v548
549;ABC;v549
550;ABC;v550
551;ABC;v551
552;ABC;v552
553;ABC;v553
554;ABC;v554
555;ABC;v555
556;ABC;v556
557;ABC;v557
558;ABC;v558
559;ABC;v559
560;ABC;v560
561;ABC;v561
562;ABC;v562
563;ABC;v563
564;ABC;v564
565;ABC;v565
566;ABC;v566
567;ABC;v567
568;ABC;v568
569;ABC;v569
570;ABC;v570
571;ABC;v571
572;ABC;v572
573;ABC;v573
574;ABC;v574
575;ABC;v575
576;ABC;v576
577;ABC;v577
578;ABC;v578
579;ABC;v579
580;ABC;v580
581;ABC;v581
582;ABC;v582
583;ABC;v583
584;ABC;v584
585;ABC;v585
586;ABC;v586
587;ABC;v587
588;ABC;v588
589;ABC;v589
590;ABC;v590
591;ABC;v591
592;ABC;v592
593;ABC;v593
594;ABC;v594
595;ABC;v595
596;ABC;v596
597;ABC;v597
598;ABC;v598
599;ABC;v599
600;ABC;v600
601;ABC;v601
602;ABC;v602
603;ABC;v603
604;ABC;v604
605;ABC;v605
606;ABC;v606
607;ABC;v607
608;ABC;v608
609;ABC;v609
610;ABC;v610
611;ABC;v611
612;ABC;v612
613;ABC;v613
614;ABC;v614
615;ABC;v615
616;ABC;v616
617;ABC;v617
618;ABC;v618
619;ABC;v619
620;ABC;v620
621;ABC;v621
622;ABC;v622
623;ABC;v623
624;ABC;v624
625;ABC;v625
626;ABC;v626
627;ABC;v627
628;ABC;v628
629;ABC;v629
630;ABC;v630
631;ABC;v631
632;ABC;v632
633;ABC;v633
634;ABC;v634
635;ABC;v635
636;ABC;v636
637;ABC;v637
638;ABC;v638
639;ABC;v639
640;ABC;v640
641;ABC;v641
642;ABC;v642
643;ABC;v643
644;ABC;v644
645;ABC;v645
646;ABC;v646
647;ABC;v647
648;ABC;v648
649;ABC;v649
650;ABC;v650
651;ABC;v651
652;ABC;v652
653;ABC;v653
654;ABC;v654
655;ABC;v655
656;ABC;v656
657;ABC;v657
658;ABC;v658
659;ABC;v659
660;ABC;v660
661;ABC;v661
662;ABC;v662
663;ABC;v663
664;ABC;v664
665;ABC;v665
666;ABC;v666
667;ABC;v667
668;ABC;v668
669;ABC;v669
670;ABC;v670
671;ABC;v671
672;ABC;v672
673;ABC;v673
674;ABC;v674
675;ABC;v675
676;ABC;v676
677;ABC;v677
678;ABC;v678
679;ABC;v679
680;ABC;v680
681;ABC;v681
682;ABC;v682
683;ABC;v683
684;ABC;v684
685;ABC;v685
686;ABC;v686
687;ABC;v687
688;ABC;v688
689;ABC;v689
690;ABC;v690
691;ABC;v691
692;ABC;v692
693;ABC;v693
694;ABC;v694
695;ABC;v695
696;ABC;v696
697;ABC;v697
698;ABC;v698
699;ABC;v699
